{"cameraMode":{"drawMode":0,"name":"Shaded","section":"Shading Mode"},"sceneLighting":false,"audioPlay":false,"sceneViewState":{"showFog":true,"showMaterialUpdate":false,"showSkybox":true,"showFlares":true,"showImageEffects":true,"showParticleSystems":true},"in2DMode":false,"pivot":{"x":-0.011220365762710572,"y":0.9324812293052673,"z":0.19622111320495606},"rotation":{"x":-0.2427425980567932,"y":0.5180956125259399,"z":-0.15620073676109315,"w":-0.805142343044281},"size":5.531834125518799,"orthographic":false}