{"cameraMode":{"drawMode":0,"name":"Shaded","section":"Shading Mode"},"sceneLighting":true,"audioPlay":false,"sceneViewState":{"showFog":true,"showMaterialUpdate":false,"showSkybox":true,"showFlares":true,"showImageEffects":true,"showParticleSystems":true},"in2DMode":false,"pivot":{"x":-722.2067260742188,"y":-279.43634033203127,"z":188.13262939453126},"rotation":{"x":-0.1284072995185852,"y":0.6810249090194702,"z":-0.1231057420372963,"w":-0.7103250622749329},"size":891.9462280273438,"orthographic":false}