{"cameraMode":{"drawMode":0,"name":"Shaded","section":"Shading Mode"},"sceneLighting":false,"audioPlay":false,"sceneViewState":{"showFog":true,"showMaterialUpdate":false,"showSkybox":true,"showFlares":true,"showImageEffects":true,"showParticleSystems":true},"in2DMode":false,"pivot":{"x":-0.08315694332122803,"y":0.2583221197128296,"z":0.007011055946350098},"rotation":{"x":-0.2427425980567932,"y":0.5180956125259399,"z":-0.15620073676109315,"w":-0.805142343044281},"size":5.668368816375732,"orthographic":false}