{"cameraMode":{"drawMode":0,"name":"Shaded","section":"Shading Mode"},"sceneLighting":false,"audioPlay":false,"sceneViewState":{"showFog":true,"showMaterialUpdate":false,"showSkybox":true,"showFlares":true,"showImageEffects":true,"showParticleSystems":true},"in2DMode":false,"pivot":{"x":-0.07150840759277344,"y":5.102812767028809,"z":0.2326676845550537},"rotation":{"x":-0.2427426129579544,"y":0.5180956721305847,"z":-0.15620075166225434,"w":-0.8051424026489258},"size":30.321245193481447,"orthographic":false}