{"cameraMode":{"drawMode":0,"name":"Shaded","section":"Shading Mode"},"sceneLighting":false,"audioPlay":false,"sceneViewState":{"showFog":true,"showMaterialUpdate":false,"showSkybox":true,"showFlares":true,"showImageEffects":true,"showParticleSystems":true},"in2DMode":false,"pivot":{"x":0.059740304946899417,"y":1.0010957717895508,"z":0.15379029512405396},"rotation":{"x":-0.2427425980567932,"y":0.5180956125259399,"z":-0.15620073676109315,"w":-0.805142343044281},"size":5.224767208099365,"orthographic":false}