{"cameraMode":{"drawMode":0,"name":"Shaded","section":"Shading Mode"},"sceneLighting":false,"audioPlay":false,"sceneViewState":{"showFog":true,"showMaterialUpdate":false,"showSkybox":true,"showFlares":true,"showImageEffects":true,"showParticleSystems":true},"in2DMode":false,"pivot":{"x":-0.10070186853408814,"y":0.9096621870994568,"z":-0.06225097179412842},"rotation":{"x":-0.2427426129579544,"y":0.5180956721305847,"z":-0.15620075166225434,"w":-0.8051424026489258},"size":5.580843448638916,"orthographic":false}