{"cameraMode":{"drawMode":0,"name":"Shaded","section":"Shading Mode"},"sceneLighting":false,"audioPlay":false,"sceneViewState":{"showFog":true,"showMaterialUpdate":false,"showSkybox":true,"showFlares":true,"showImageEffects":true,"showParticleSystems":true},"in2DMode":false,"pivot":{"x":499.0657958984375,"y":-551.4835815429688,"z":-208.30892944335938},"rotation":{"x":0.2103961706161499,"y":0.7673226594924927,"z":-0.31032711267471316,"w":0.5202368497848511},"size":933.5267944335938,"orthographic":false}