{"cameraMode":{"drawMode":0,"name":"Shaded","section":"Shading Mode"},"sceneLighting":false,"audioPlay":false,"sceneViewState":{"showFog":true,"showMaterialUpdate":false,"showSkybox":true,"showFlares":true,"showImageEffects":true,"showParticleSystems":true},"in2DMode":false,"pivot":{"x":-4.373751640319824,"y":-1.977151870727539,"z":-2.113217353820801},"rotation":{"x":-0.10563330352306366,"y":0.8749513030052185,"z":-0.22137948870658875,"w":-0.4174841642379761},"size":12.994423866271973,"orthographic":false}