{"cameraMode":{"drawMode":0,"name":"Shaded","section":"Shading Mode"},"sceneLighting":false,"audioPlay":false,"sceneViewState":{"showFog":true,"showMaterialUpdate":false,"showSkybox":true,"showFlares":true,"showImageEffects":true,"showParticleSystems":true},"in2DMode":false,"pivot":{"x":-0.10070186853408814,"y":0.9096622467041016,"z":-0.06225103139877319},"rotation":{"x":-0.2427425980567932,"y":0.5180956125259399,"z":-0.15620073676109315,"w":-0.805142343044281},"size":4.811381816864014,"orthographic":false}