{"cameraMode":{"drawMode":0,"name":"Shaded","section":"Shading Mode"},"sceneLighting":false,"audioPlay":false,"sceneViewState":{"showFog":true,"showMaterialUpdate":false,"showSkybox":true,"showFlares":true,"showImageEffects":true,"showParticleSystems":true},"in2DMode":false,"pivot":{"x":-0.0242156982421875,"y":6.354188919067383,"z":-0.13471698760986329},"rotation":{"x":-0.14105577766895295,"y":0.13233432173728944,"z":-0.01902836374938488,"w":-0.9809326529502869},"size":37.93629455566406,"orthographic":false}