{"cameraMode":{"drawMode":0,"name":"Shaded","section":"Shading Mode"},"sceneLighting":false,"audioPlay":false,"sceneViewState":{"showFog":true,"showMaterialUpdate":false,"showSkybox":true,"showFlares":true,"showImageEffects":true,"showParticleSystems":true},"in2DMode":false,"pivot":{"x":4.9265594482421879,"y":-92.97147369384766,"z":-109.68526458740235},"rotation":{"x":0.0808224156498909,"y":0.9191350936889648,"z":-0.2771058678627014,"w":0.2680875062942505},"size":181.01487731933595,"orthographic":false}