{"cameraMode":{"drawMode":0,"name":"Shaded","section":"Shading Mode"},"sceneLighting":false,"audioPlay":false,"sceneViewState":{"showFog":true,"showMaterialUpdate":false,"showSkybox":true,"showFlares":true,"showImageEffects":true,"showParticleSystems":true},"in2DMode":false,"pivot":{"x":-0.08315694332122803,"y":0.2583220601081848,"z":0.007010936737060547},"rotation":{"x":-0.2427426129579544,"y":0.5180956721305847,"z":-0.15620075166225434,"w":-0.8051424026489258},"size":7.19111967086792,"orthographic":false}