{"cameraMode":{"drawMode":0,"name":"Shaded","section":"Shading Mode"},"sceneLighting":false,"audioPlay":false,"sceneViewState":{"showFog":true,"showMaterialUpdate":false,"showSkybox":true,"showFlares":true,"showImageEffects":true,"showParticleSystems":true},"in2DMode":false,"pivot":{"x":-0.011220455169677735,"y":0.9324811697006226,"z":0.19622111320495606},"rotation":{"x":-0.2427426129579544,"y":0.5180956721305847,"z":-0.15620075166225434,"w":-0.8051424026489258},"size":5.934618949890137,"orthographic":false}