{"cameraMode":{"drawMode":0,"name":"Shaded","section":"Shading Mode"},"sceneLighting":false,"audioPlay":false,"sceneViewState":{"showFog":true,"showMaterialUpdate":false,"showSkybox":true,"showFlares":true,"showImageEffects":true,"showParticleSystems":true},"in2DMode":false,"pivot":{"x":-0.11584973335266113,"y":1.1868422031402588,"z":0.03801929950714111},"rotation":{"x":-0.10563330352306366,"y":0.8749513030052185,"z":-0.22137948870658875,"w":-0.4174841642379761},"size":15.72215461730957,"orthographic":false}