{"cameraMode":{"drawMode":0,"name":"Shaded","section":"Shading Mode"},"sceneLighting":false,"audioPlay":false,"sceneViewState":{"showFog":true,"showMaterialUpdate":false,"showSkybox":true,"showFlares":true,"showImageEffects":true,"showParticleSystems":true},"in2DMode":false,"pivot":{"x":-27.74772071838379,"y":-0.0026805922389030458,"z":-10.831574440002442},"rotation":{"x":-0.30869245529174807,"y":-0.005438648164272308,"z":0.001765302149578929,"w":-0.9511447548866272},"size":4.469211578369141,"orthographic":false}