{"cameraMode":{"drawMode":0,"name":"Shaded","section":"Shading Mode"},"sceneLighting":false,"audioPlay":false,"sceneViewState":{"showFog":true,"showMaterialUpdate":false,"showSkybox":true,"showFlares":true,"showImageEffects":true,"showParticleSystems":true},"in2DMode":false,"pivot":{"x":-0.016254544258117677,"y":0.8726040124893189,"z":0.02738398313522339},"rotation":{"x":-0.2427425980567932,"y":0.5180956125259399,"z":-0.15620073676109315,"w":-0.805142343044281},"size":4.635663032531738,"orthographic":false}