{"cameraMode":{"drawMode":0,"name":"Shaded","section":"Shading Mode"},"sceneLighting":false,"audioPlay":false,"sceneViewState":{"showFog":true,"showMaterialUpdate":false,"showSkybox":true,"showFlares":true,"showImageEffects":true,"showParticleSystems":true},"in2DMode":false,"pivot":{"x":-0.016254544258117677,"y":0.8726039528846741,"z":0.027383923530578615},"rotation":{"x":-0.2427426129579544,"y":0.5180956721305847,"z":-0.15620075166225434,"w":-0.8051424026489258},"size":1.8947243690490723,"orthographic":false}