{"cameraMode":{"drawMode":0,"name":"Shaded","section":"Shading Mode"},"sceneLighting":true,"audioPlay":false,"sceneViewState":{"showFog":true,"showMaterialUpdate":false,"showSkybox":true,"showFlares":true,"showImageEffects":true,"showParticleSystems":true},"in2DMode":false,"pivot":{"x":-62.10274887084961,"y":-37.906593322753909,"z":-67.85145568847656},"rotation":{"x":-0.0718299001455307,"y":0.9129155278205872,"z":-0.18345199525356294,"w":-0.35745084285736086},"size":105.14012145996094,"orthographic":false}