{"cameraMode":{"drawMode":0,"name":"Shaded","section":"Shading Mode"},"sceneLighting":true,"audioPlay":false,"sceneViewState":{"showFog":true,"showMaterialUpdate":false,"showSkybox":true,"showFlares":true,"showImageEffects":true,"showParticleSystems":true},"in2DMode":false,"pivot":{"x":-69.54214477539063,"y":-43.0345573425293,"z":-52.37147903442383},"rotation":{"x":-0.10308579355478287,"y":0.8704915046691895,"z":-0.2064027488231659,"w":-0.4347594678401947},"size":105.14012145996094,"orthographic":false}