{"cameraMode":{"drawMode":0,"name":"Shaded","section":"Shading Mode"},"sceneLighting":false,"audioPlay":false,"sceneViewState":{"showFog":true,"showMaterialUpdate":false,"showSkybox":true,"showFlares":true,"showImageEffects":true,"showParticleSystems":true},"in2DMode":false,"pivot":{"x":-15.291549682617188,"y":-16.868553161621095,"z":8.06512451171875},"rotation":{"x":-0.057226840406656268,"y":-0.9404656291007996,"z":0.20048998296260835,"w":-0.2684275507926941},"size":233.34524536132813,"orthographic":false}