{"cameraMode":{"drawMode":0,"name":"Shaded","section":"Shading Mode"},"sceneLighting":true,"audioPlay":false,"sceneViewState":{"showFog":true,"showMaterialUpdate":false,"showSkybox":true,"showFlares":true,"showImageEffects":true,"showParticleSystems":true},"in2DMode":false,"pivot":{"x":-18.13447380065918,"y":15.047182083129883,"z":-22.201290130615236},"rotation":{"x":-0.2382826805114746,"y":-0.47115546464920046,"z":0.13386879861354829,"w":-0.83863765001297},"size":0.13851918280124665,"orthographic":false}