{"cameraMode":{"drawMode":0,"name":"Shaded","section":"Shading Mode"},"sceneLighting":false,"audioPlay":false,"sceneViewState":{"showFog":true,"showMaterialUpdate":false,"showSkybox":true,"showFlares":true,"showImageEffects":true,"showParticleSystems":true},"in2DMode":false,"pivot":{"x":91.07473754882813,"y":-108.87970733642578,"z":3.7360761165618898},"rotation":{"x":0.2574203312397003,"y":0.6533814072608948,"z":-0.2527101933956146,"w":0.6655562520027161},"size":233.34524536132813,"orthographic":false}