{"cameraMode":{"drawMode":0,"name":"Shaded","section":"Shading Mode"},"sceneLighting":false,"audioPlay":false,"sceneViewState":{"showFog":true,"showMaterialUpdate":false,"showSkybox":true,"showFlares":true,"showImageEffects":true,"showParticleSystems":true},"in2DMode":false,"pivot":{"x":10.336977005004883,"y":-6.494391441345215,"z":3.9850947856903078},"rotation":{"x":0.2349240928888321,"y":0.5030990839004517,"z":-0.14429433643817902,"w":0.8190733194351196},"size":23.470685958862306,"orthographic":false}