{"cameraMode":{"drawMode":0,"name":"Shaded","section":"Shading Mode"},"sceneLighting":false,"audioPlay":false,"sceneViewState":{"showFog":true,"showMaterialUpdate":false,"showSkybox":true,"showFlares":true,"showImageEffects":true,"showParticleSystems":true},"in2DMode":false,"pivot":{"x":800.600341796875,"y":-146.04653930664063,"z":-425.10906982421877},"rotation":{"x":0.043409787118434909,"y":0.8538967967033386,"z":-0.07217220216989517,"w":0.5135826468467712},"size":933.5267944335938,"orthographic":false}