{"cameraMode":{"drawMode":0,"name":"Shaded","section":"Shading Mode"},"sceneLighting":true,"audioPlay":false,"sceneViewState":{"showFog":true,"showMaterialUpdate":false,"showSkybox":true,"showFlares":true,"showImageEffects":true,"showParticleSystems":true},"in2DMode":false,"pivot":{"x":-5.607264518737793,"y":-1.474299430847168,"z":-2.5375747680664064},"rotation":{"x":0.059009864926338199,"y":0.9409613013267517,"z":-0.23958472907543183,"w":0.23175175487995149},"size":9.808525085449219,"orthographic":false}