{"cameraMode":{"drawMode":0,"name":"Shaded","section":"Shading Mode"},"sceneLighting":false,"audioPlay":false,"sceneViewState":{"showFog":true,"showMaterialUpdate":false,"showSkybox":true,"showFlares":true,"showImageEffects":true,"showParticleSystems":true},"in2DMode":false,"pivot":{"x":-1.5075889825820923,"y":-0.03507281094789505,"z":-0.02567368745803833},"rotation":{"x":0.03711976855993271,"y":0.9406729936599731,"z":-0.10943882167339325,"w":0.3190293312072754},"size":3.645101308822632,"orthographic":false}